donation_id,donor_id,category,condition,quantity,city,state,country,matched_ngo,created_at,status
don_1,donor_39,children,fair,9,Chennai,Tamil Nadu,India,,2025-07-16T17:42:00.032955,pending
don_2,donor_44,formal,excellent,1,Mumbai,Maharashtra,India,,2025-02-07T17:42:00.032955,approved
don_3,donor_16,outerwear,excellent,34,Chennai,Tamil Nadu,India,,2025-10-18T17:42:00.032955,pending
don_4,donor_7,children,poor,9,Mumbai,Maharashtra,India,,2025-06-07T17:42:00.032955,pending
don_5,donor_7,winter wear,excellent,10,Delhi,Delhi,India,,2025-07-29T17:42:00.032955,pending
don_6,donor_39,children,good,12,Delhi,Delhi,India,ngo_35,2025-05-22T17:42:00.032955,completed
don_7,donor_19,seasonal,poor,41,Mumbai,Maharashtra,India,,2025-05-15T17:42:00.032955,pending
don_8,donor_16,traditional,excellent,13,Mumbai,Maharashtra,India,ngo_41,2024-12-28T17:42:00.032955,completed
don_9,donor_46,casual,fair,17,Chennai,Tamil Nadu,India,ngo_29,2025-10-27T17:42:00.032955,completed
don_10,donor_45,traditional,fair,31,Chennai,Tamil Nadu,India,ngo_67,2025-04-02T17:42:00.032955,completed
don_11,donor_13,seasonal,excellent,35,Kolkata,West Bengal,India,,2025-07-28T17:42:00.032955,pending
don_12,donor_50,traditional,poor,12,Mumbai,Maharashtra,India,ngo_6,2025-03-06T17:42:00.032955,completed
don_13,donor_13,seasonal,good,16,Kolkata,West Bengal,India,,2025-06-04T17:42:00.032955,approved
don_14,donor_42,accessories,excellent,1,Delhi,Delhi,India,,2025-02-23T17:42:00.032955,pending
don_15,donor_14,formal,poor,45,Mumbai,Maharashtra,India,ngo_29,2025-03-21T17:42:00.032955,completed
don_16,donor_42,accessories,fair,12,Delhi,Delhi,India,ngo_12,2025-05-16T17:42:00.032955,completed
don_17,donor_32,activewear,fair,23,Mumbai,Maharashtra,India,ngo_22,2025-06-01T17:42:00.032955,completed
don_18,donor_44,accessories,fair,20,Chennai,Tamil Nadu,India,,2025-09-27T17:42:00.032955,pending
don_19,donor_19,winter wear,poor,7,Mumbai,Maharashtra,India,,2025-08-13T17:42:00.032955,pending
don_20,donor_33,activewear,good,13,Delhi,Delhi,India,ngo_42,2025-08-03T17:42:00.032955,completed
don_21,donor_2,traditional,excellent,1,Chennai,Tamil Nadu,India,ngo_94,2025-05-20T17:42:00.032955,completed
don_22,donor_11,formal,excellent,31,Delhi,Delhi,India,,2025-04-15T17:42:00.032955,approved
don_23,donor_16,outerwear,good,43,Mumbai,Maharashtra,India,,2025-07-01T17:42:00.032955,pending
don_24,donor_50,shoes,excellent,21,Mumbai,Maharashtra,India,ngo_88,2025-10-09T17:42:00.032955,completed
don_25,donor_34,children,excellent,7,Delhi,Delhi,India,,2025-09-03T17:42:00.032955,pending
don_26,donor_41,casual,excellent,27,Bengaluru,Karnataka,India,,2025-05-03T17:42:00.032955,approved
don_27,donor_9,traditional,fair,14,Mumbai,Maharashtra,India,ngo_28,2025-10-01T17:42:00.032955,completed
don_28,donor_50,shoes,poor,40,Mumbai,Maharashtra,India,ngo_0,2025-02-17T17:42:00.032955,completed
don_29,donor_15,formal,excellent,25,Bengaluru,Karnataka,India,ngo_22,2025-06-14T17:42:00.032955,completed
don_30,donor_2,traditional,good,10,Delhi,Delhi,India,,2025-04-09T17:42:00.032955,pending
don_31,donor_19,children,good,31,Mumbai,Maharashtra,India,ngo_31,2025-03-18T17:42:00.032955,completed
don_32,donor_35,winter wear,good,22,Kolkata,West Bengal,India,ngo_4,2024-12-29T17:42:00.032955,completed
don_33,donor_45,traditional,poor,25,Chennai,Tamil Nadu,India,ngo_29,2025-03-08T17:42:00.032955,completed
don_34,donor_44,activewear,good,19,Kolkata,West Bengal,India,,2025-08-22T17:42:00.032955,pending
don_35,donor_32,activewear,excellent,41,Bengaluru,Karnataka,India,,2025-09-08T17:42:00.032955,approved
don_36,donor_25,seasonal,excellent,39,Chennai,Tamil Nadu,India,,2025-01-01T17:42:00.032955,pending
don_37,donor_14,formal,excellent,42,Chennai,Tamil Nadu,India,,2025-09-21T17:42:00.032955,approved
don_38,donor_2,traditional,fair,12,Chennai,Tamil Nadu,India,,2024-12-24T17:42:00.032955,pending
don_39,donor_27,shoes,fair,4,Bengaluru,Karnataka,India,,2025-01-17T17:42:00.032955,approved
don_40,donor_35,seasonal,poor,1,Kolkata,West Bengal,India,ngo_37,2024-12-17T17:42:00.032955,completed
don_41,donor_25,seasonal,fair,21,Chennai,Tamil Nadu,India,ngo_8,2024-11-27T17:42:00.032955,completed
don_42,donor_9,traditional,poor,40,Bengaluru,Karnataka,India,ngo_30,2024-12-16T17:42:00.032955,completed
don_43,donor_38,winter wear,good,48,Chennai,Tamil Nadu,India,ngo_84,2025-02-22T17:42:00.032955,completed
don_44,donor_1,winter wear,excellent,33,Bengaluru,Karnataka,India,ngo_30,2025-10-24T17:42:00.032955,completed
don_45,donor_23,seasonal,fair,6,Chennai,Tamil Nadu,India,ngo_58,2024-12-15T17:42:00.032955,completed
don_46,donor_14,formal,poor,43,Delhi,Delhi,India,,2025-07-12T17:42:00.032955,approved
don_47,donor_25,traditional,good,37,Kolkata,West Bengal,India,,2025-05-08T17:42:00.033955,approved
don_48,donor_3,activewear,poor,9,Delhi,Delhi,India,ngo_25,2025-09-05T17:42:00.033955,completed
don_49,donor_27,shoes,good,19,Bengaluru,Karnataka,India,,2025-11-11T17:42:00.033955,pending
don_50,donor_46,traditional,fair,15,Chennai,Tamil Nadu,India,,2025-08-13T17:42:00.033955,approved
don_51,donor_34,children,excellent,13,Delhi,Delhi,India,,2025-02-28T17:42:00.033955,approved
don_52,donor_35,winter wear,poor,11,Mumbai,Maharashtra,India,ngo_37,2025-09-16T17:42:00.033955,completed
don_53,donor_12,activewear,good,29,Delhi,Delhi,India,ngo_69,2025-05-04T17:42:00.033955,completed
don_54,donor_49,formal,fair,18,Kolkata,West Bengal,India,ngo_69,2025-03-21T17:42:00.033955,completed
don_55,donor_44,accessories,good,18,Delhi,Delhi,India,ngo_46,2025-04-17T17:42:00.033955,completed
don_56,donor_33,seasonal,fair,12,Chennai,Tamil Nadu,India,ngo_77,2025-01-24T17:42:00.033955,completed
don_57,donor_45,winter wear,excellent,29,Chennai,Tamil Nadu,India,,2025-11-16T17:42:00.033955,pending
don_58,donor_10,children,excellent,1,Chennai,Tamil Nadu,India,ngo_0,2025-07-20T17:42:00.033955,completed
don_59,donor_26,accessories,fair,6,Bengaluru,Karnataka,India,,2025-03-12T17:42:00.033955,approved
don_60,donor_30,seasonal,poor,27,Chennai,Tamil Nadu,India,ngo_22,2025-10-15T17:42:00.033955,completed
don_61,donor_21,accessories,fair,1,Mumbai,Maharashtra,India,,2025-06-04T17:42:00.033955,pending
don_62,donor_36,traditional,fair,23,Chennai,Tamil Nadu,India,,2025-07-25T17:42:00.033955,pending
don_63,donor_18,winter wear,fair,1,Mumbai,Maharashtra,India,,2025-07-07T17:42:00.033955,approved
don_64,donor_35,seasonal,poor,22,Mumbai,Maharashtra,India,ngo_34,2025-08-16T17:42:00.033955,completed
don_65,donor_40,shoes,poor,32,Chennai,Tamil Nadu,India,ngo_83,2025-07-03T17:42:00.033955,completed
don_66,donor_18,children,excellent,16,Mumbai,Maharashtra,India,ngo_16,2025-06-26T17:42:00.033955,completed
don_67,donor_27,children,poor,30,Bengaluru,Karnataka,India,ngo_48,2025-04-29T17:42:00.033955,completed
don_68,donor_41,seasonal,fair,49,Bengaluru,Karnataka,India,ngo_62,2025-08-07T17:42:00.033955,completed
don_69,donor_48,winter wear,poor,8,Delhi,Delhi,India,,2025-07-12T17:42:00.033955,pending
don_70,donor_2,traditional,fair,20,Chennai,Tamil Nadu,India,ngo_42,2025-09-01T17:42:00.033955,completed
don_71,donor_8,activewear,fair,25,Mumbai,Maharashtra,India,,2025-04-07T17:42:00.033955,approved
don_72,donor_7,casual,fair,1,Mumbai,Maharashtra,India,,2025-10-06T17:42:00.033955,approved
don_73,donor_33,traditional,excellent,17,Chennai,Tamil Nadu,India,,2024-11-28T17:42:00.033955,approved
don_74,donor_36,traditional,good,23,Chennai,Tamil Nadu,India,ngo_3,2025-10-15T17:42:00.033955,completed
don_75,donor_25,outerwear,fair,20,Chennai,Tamil Nadu,India,ngo_94,2025-05-25T17:42:00.033955,completed
don_76,donor_4,winter wear,poor,21,Kolkata,West Bengal,India,ngo_89,2024-12-29T17:42:00.033955,completed
don_77,donor_39,children,poor,15,Delhi,Delhi,India,ngo_68,2025-09-18T17:42:00.033955,completed
don_78,donor_34,children,poor,2,Kolkata,West Bengal,India,ngo_84,2025-07-20T17:42:00.033955,completed
don_79,donor_46,traditional,fair,7,Kolkata,West Bengal,India,,2024-11-25T17:42:00.033955,pending
don_80,donor_49,children,poor,27,Chennai,Tamil Nadu,India,ngo_16,2025-03-10T17:42:00.033955,completed
don_81,donor_41,casual,fair,28,Bengaluru,Karnataka,India,ngo_50,2025-01-14T17:42:00.033955,completed
don_82,donor_16,outerwear,good,20,Kolkata,West Bengal,India,ngo_73,2025-09-07T17:42:00.033955,completed
don_83,donor_11,children,good,30,Mumbai,Maharashtra,India,ngo_14,2024-11-25T17:42:00.033955,completed
don_84,donor_30,formal,poor,30,Chennai,Tamil Nadu,India,ngo_3,2025-05-06T17:42:00.033955,completed
don_85,donor_33,activewear,good,21,Chennai,Tamil Nadu,India,ngo_84,2025-06-25T17:42:00.033955,completed
don_86,donor_1,outerwear,fair,28,Bengaluru,Karnataka,India,ngo_14,2025-07-14T17:42:00.033955,completed
don_87,donor_47,activewear,fair,13,Mumbai,Maharashtra,India,,2025-01-12T17:42:00.033955,approved
don_88,donor_30,outerwear,poor,24,Chennai,Tamil Nadu,India,,2025-01-14T17:42:00.033955,approved
don_89,donor_3,formal,fair,36,Delhi,Delhi,India,,2025-07-16T17:42:00.033955,pending
don_90,donor_17,shoes,fair,1,Bengaluru,Karnataka,India,ngo_1,2025-09-25T17:42:00.033955,completed
don_91,donor_33,activewear,excellent,23,Kolkata,West Bengal,India,,2025-06-28T17:42:00.033955,pending
don_92,donor_32,activewear,fair,43,Delhi,Delhi,India,ngo_22,2025-05-16T17:42:00.033955,completed
don_93,donor_10,children,poor,1,Delhi,Delhi,India,,2025-10-18T17:42:00.033955,approved
don_94,donor_21,seasonal,excellent,9,Mumbai,Maharashtra,India,ngo_59,2025-10-22T17:42:00.033955,completed
don_95,donor_3,formal,poor,30,Delhi,Delhi,India,,2025-03-02T17:42:00.033955,approved
don_96,donor_25,seasonal,excellent,26,Chennai,Tamil Nadu,India,,2025-07-04T17:42:00.033955,approved
don_97,donor_25,shoes,excellent,13,Delhi,Delhi,India,ngo_76,2025-09-16T17:42:00.033955,completed
don_98,donor_18,shoes,good,7,Mumbai,Maharashtra,India,ngo_73,2025-07-08T17:42:00.033955,completed
don_99,donor_21,outerwear,fair,9,Mumbai,Maharashtra,India,ngo_22,2025-02-03T17:42:00.033955,completed
don_100,donor_39,children,fair,27,Delhi,Delhi,India,ngo_49,2025-02-06T17:42:00.033955,completed
don_101,donor_22,seasonal,poor,6,Bengaluru,Karnataka,India,ngo_52,2025-03-24T17:42:00.033955,completed
don_102,donor_20,seasonal,poor,42,Chennai,Tamil Nadu,India,ngo_62,2025-03-27T17:42:00.033955,completed
don_103,donor_49,formal,good,29,Kolkata,West Bengal,India,ngo_22,2025-07-23T17:42:00.033955,completed
don_104,donor_32,activewear,good,29,Kolkata,West Bengal,India,,2025-06-23T17:42:00.033955,pending
don_105,donor_26,accessories,poor,11,Bengaluru,Karnataka,India,,2025-06-14T17:42:00.033955,pending
don_106,donor_47,activewear,excellent,7,Chennai,Tamil Nadu,India,ngo_54,2025-09-12T17:42:00.033955,completed
don_107,donor_21,children,excellent,6,Mumbai,Maharashtra,India,,2025-04-03T17:42:00.033955,approved
don_108,donor_16,outerwear,excellent,23,Mumbai,Maharashtra,India,,2025-04-24T17:42:00.033955,pending
don_109,donor_43,outerwear,excellent,27,Delhi,Delhi,India,ngo_63,2024-12-03T17:42:00.033955,completed
don_110,donor_10,children,fair,6,Mumbai,Maharashtra,India,,2024-12-05T17:42:00.033955,approved
don_111,donor_36,traditional,excellent,16,Delhi,Delhi,India,ngo_38,2025-04-25T17:42:00.034956,completed
don_112,donor_30,casual,poor,26,Chennai,Tamil Nadu,India,,2025-06-10T17:42:00.034956,approved
don_113,donor_42,accessories,fair,5,Chennai,Tamil Nadu,India,ngo_60,2025-10-30T17:42:00.034956,completed
don_114,donor_16,outerwear,fair,31,Mumbai,Maharashtra,India,,2025-08-26T17:42:00.034956,approved
don_115,donor_39,children,poor,27,Delhi,Delhi,India,,2025-05-15T17:42:00.034956,approved
don_116,donor_2,children,poor,15,Chennai,Tamil Nadu,India,,2025-08-28T17:42:00.034956,approved
don_117,donor_25,shoes,excellent,32,Bengaluru,Karnataka,India,,2025-10-17T17:42:00.034956,pending
don_118,donor_36,shoes,good,23,Kolkata,West Bengal,India,,2025-03-25T17:42:00.034956,approved
don_119,donor_40,shoes,fair,23,Mumbai,Maharashtra,India,ngo_83,2025-10-19T17:42:00.034956,completed
don_120,donor_42,accessories,poor,1,Delhi,Delhi,India,ngo_95,2025-05-08T17:42:00.034956,completed
don_121,donor_16,outerwear,fair,27,Mumbai,Maharashtra,India,,2024-12-16T17:42:00.034956,pending
don_122,donor_29,seasonal,good,10,Delhi,Delhi,India,ngo_5,2025-03-22T17:42:00.034956,completed
don_123,donor_9,traditional,fair,22,Bengaluru,Karnataka,India,,2025-08-09T17:42:00.034956,approved
don_124,donor_24,accessories,good,25,Bengaluru,Karnataka,India,,2025-03-27T17:42:00.034956,approved
don_125,donor_35,winter wear,poor,24,Chennai,Tamil Nadu,India,,2024-12-04T17:42:00.034956,pending
don_126,donor_31,children,fair,6,Bengaluru,Karnataka,India,,2024-11-22T17:42:00.034956,approved
don_127,donor_24,accessories,excellent,33,Bengaluru,Karnataka,India,,2025-02-26T17:42:00.034956,pending
don_128,donor_4,winter wear,good,21,Bengaluru,Karnataka,India,ngo_71,2025-05-13T17:42:00.034956,completed
don_129,donor_42,accessories,poor,15,Delhi,Delhi,India,ngo_45,2025-11-10T17:42:00.034956,completed
don_130,donor_38,traditional,good,24,Kolkata,West Bengal,India,ngo_61,2025-01-12T17:42:00.034956,completed
don_131,donor_12,children,excellent,21,Delhi,Delhi,India,,2025-02-04T17:42:00.034956,approved
don_132,donor_4,outerwear,good,11,Bengaluru,Karnataka,India,,2025-03-11T17:42:00.034956,pending
don_133,donor_37,activewear,excellent,7,Kolkata,West Bengal,India,ngo_20,2025-10-05T17:42:00.034956,completed
don_134,donor_25,seasonal,excellent,47,Chennai,Tamil Nadu,India,ngo_98,2025-05-01T17:42:00.034956,completed
don_135,donor_41,casual,fair,21,Bengaluru,Karnataka,India,ngo_86,2025-05-08T17:42:00.034956,completed
don_136,donor_49,casual,poor,34,Delhi,Delhi,India,,2025-11-14T17:42:00.034956,approved
don_137,donor_28,formal,fair,5,Chennai,Tamil Nadu,India,,2025-06-10T17:42:00.034956,pending
don_138,donor_32,outerwear,good,29,Delhi,Delhi,India,,2025-01-12T17:42:00.034956,approved
don_139,donor_12,activewear,poor,18,Delhi,Delhi,India,,2025-08-31T17:42:00.034956,approved
don_140,donor_21,seasonal,excellent,17,Mumbai,Maharashtra,India,,2025-10-20T17:42:00.034956,approved
don_141,donor_37,accessories,good,10,Mumbai,Maharashtra,India,,2024-12-13T17:42:00.034956,approved
don_142,donor_1,children,poor,18,Bengaluru,Karnataka,India,,2025-03-25T17:42:00.034956,pending
don_143,donor_3,winter wear,excellent,26,Delhi,Delhi,India,ngo_49,2025-04-02T17:42:00.034956,completed
don_144,donor_11,children,fair,23,Bengaluru,Karnataka,India,ngo_62,2025-03-28T17:42:00.034956,completed
don_145,donor_21,seasonal,fair,6,Mumbai,Maharashtra,India,ngo_74,2025-11-09T17:42:00.034956,completed
don_146,donor_6,shoes,good,10,Kolkata,West Bengal,India,,2025-03-28T17:42:00.034956,pending
don_147,donor_11,children,good,26,Mumbai,Maharashtra,India,ngo_60,2025-05-01T17:42:00.034956,completed
don_148,donor_27,shoes,poor,28,Bengaluru,Karnataka,India,ngo_13,2025-02-02T17:42:00.034956,completed
don_149,donor_40,accessories,fair,13,Mumbai,Maharashtra,India,ngo_43,2025-05-22T17:42:00.034956,completed
don_150,donor_14,formal,excellent,24,Mumbai,Maharashtra,India,ngo_5,2025-01-28T17:42:00.034956,completed
don_151,donor_1,winter wear,poor,9,Bengaluru,Karnataka,India,,2025-06-12T17:42:00.034956,pending
don_152,donor_39,traditional,fair,30,Chennai,Tamil Nadu,India,,2025-06-12T17:42:00.034956,pending
don_153,donor_31,shoes,excellent,20,Delhi,Delhi,India,ngo_92,2025-01-01T17:42:00.034956,completed
don_154,donor_29,formal,good,23,Mumbai,Maharashtra,India,ngo_15,2025-06-30T17:42:00.034956,completed
don_155,donor_27,children,fair,26,Bengaluru,Karnataka,India,,2025-05-25T17:42:00.034956,approved
don_156,donor_35,winter wear,poor,27,Bengaluru,Karnataka,India,ngo_68,2025-04-18T17:42:00.034956,completed
don_157,donor_10,children,poor,12,Delhi,Delhi,India,ngo_47,2025-10-16T17:42:00.034956,completed
don_158,donor_43,casual,excellent,43,Delhi,Delhi,India,ngo_47,2025-02-11T17:42:00.034956,completed
don_159,donor_31,children,excellent,16,Delhi,Delhi,India,ngo_76,2025-09-27T17:42:00.034956,completed
don_160,donor_24,accessories,fair,9,Chennai,Tamil Nadu,India,ngo_73,2025-01-31T17:42:00.034956,completed
don_161,donor_20,children,good,21,Chennai,Tamil Nadu,India,ngo_95,2024-12-29T17:42:00.034956,completed
don_162,donor_40,shoes,good,35,Chennai,Tamil Nadu,India,ngo_36,2025-06-21T17:42:00.034956,completed
don_163,donor_8,winter wear,poor,14,Bengaluru,Karnataka,India,,2025-10-21T17:42:00.034956,pending
don_164,donor_28,winter wear,poor,1,Kolkata,West Bengal,India,,2024-12-28T17:42:00.034956,approved
don_165,donor_49,formal,poor,20,Kolkata,West Bengal,India,,2025-03-28T17:42:00.034956,pending
don_166,donor_5,seasonal,fair,14,Chennai,Tamil Nadu,India,,2025-07-01T17:42:00.034956,pending
don_167,donor_18,winter wear,poor,16,Delhi,Delhi,India,ngo_38,2025-03-14T17:42:00.034956,completed
don_168,donor_1,winter wear,fair,44,Delhi,Delhi,India,ngo_97,2025-02-08T17:42:00.034956,completed
don_169,donor_50,shoes,poor,22,Mumbai,Maharashtra,India,ngo_8,2025-05-08T17:42:00.034956,completed
don_170,donor_10,activewear,excellent,2,Delhi,Delhi,India,ngo_30,2025-10-31T17:42:00.034956,completed
don_171,donor_5,shoes,excellent,19,Bengaluru,Karnataka,India,ngo_61,2025-02-05T17:42:00.034956,completed
don_172,donor_14,shoes,fair,23,Mumbai,Maharashtra,India,,2025-04-01T17:42:00.034956,pending
don_173,donor_7,winter wear,fair,2,Mumbai,Maharashtra,India,,2025-10-09T17:42:00.034956,approved
don_174,donor_14,winter wear,fair,9,Mumbai,Maharashtra,India,ngo_49,2025-06-07T17:42:00.034956,completed
don_175,donor_34,accessories,poor,4,Kolkata,West Bengal,India,,2025-02-08T17:42:00.034956,approved
don_176,donor_36,traditional,poor,40,Kolkata,West Bengal,India,,2025-10-16T17:42:00.034956,approved
don_177,donor_13,seasonal,excellent,31,Kolkata,West Bengal,India,ngo_48,2025-06-12T17:42:00.034956,completed
don_178,donor_13,children,poor,38,Bengaluru,Karnataka,India,,2025-08-10T17:42:00.034956,pending
don_179,donor_46,traditional,fair,1,Chennai,Tamil Nadu,India,ngo_42,2025-06-14T17:42:00.034956,completed
don_180,donor_26,accessories,excellent,14,Bengaluru,Karnataka,India,ngo_84,2024-12-30T17:42:00.034956,completed
don_181,donor_44,accessories,good,1,Kolkata,West Bengal,India,ngo_86,2025-06-18T17:42:00.034956,completed
don_182,donor_20,casual,excellent,31,Chennai,Tamil Nadu,India,ngo_24,2025-05-11T17:42:00.034956,completed
don_183,donor_28,formal,poor,6,Bengaluru,Karnataka,India,,2025-08-10T17:42:00.034956,approved
don_184,donor_8,shoes,poor,1,Chennai,Tamil Nadu,India,,2025-06-12T17:42:00.034956,pending
don_185,donor_13,traditional,excellent,14,Bengaluru,Karnataka,India,ngo_51,2025-08-17T17:42:00.034956,completed
don_186,donor_13,seasonal,fair,40,Kolkata,West Bengal,India,ngo_77,2025-06-19T17:42:00.034956,completed
don_187,donor_49,children,good,17,Kolkata,West Bengal,India,,2025-09-25T17:42:00.034956,approved
don_188,donor_3,formal,fair,35,Mumbai,Maharashtra,India,,2025-03-30T17:42:00.034956,approved
don_189,donor_44,accessories,poor,18,Delhi,Delhi,India,,2025-02-17T17:42:00.034956,pending
don_190,donor_49,formal,excellent,23,Kolkata,West Bengal,India,ngo_91,2025-10-06T17:42:00.034956,completed
don_191,donor_36,traditional,excellent,12,Chennai,Tamil Nadu,India,,2025-04-30T17:42:00.034956,approved
don_192,donor_12,formal,poor,13,Delhi,Delhi,India,ngo_99,2025-01-18T17:42:00.034956,completed
don_193,donor_41,casual,poor,30,Delhi,Delhi,India,,2025-03-17T17:42:00.034956,pending
don_194,donor_17,shoes,poor,24,Bengaluru,Karnataka,India,ngo_20,2025-01-04T17:42:00.034956,completed
don_195,donor_22,children,fair,1,Bengaluru,Karnataka,India,ngo_7,2024-12-31T17:42:00.034956,completed
don_196,donor_4,accessories,good,23,Bengaluru,Karnataka,India,ngo_42,2025-08-15T17:42:00.034956,completed
don_197,donor_15,formal,poor,7,Bengaluru,Karnataka,India,,2025-11-19T17:42:00.034956,approved
don_198,donor_7,winter wear,fair,7,Mumbai,Maharashtra,India,ngo_57,2025-05-15T17:42:00.034956,completed
don_199,donor_39,children,excellent,16,Kolkata,West Bengal,India,,2025-07-25T17:42:00.034956,approved
don_200,donor_32,activewear,good,24,Delhi,Delhi,India,ngo_24,2025-01-05T17:42:00.034956,completed
don_201,donor_49,activewear,excellent,16,Kolkata,West Bengal,India,,2025-02-09T17:42:00.034956,pending
don_202,donor_23,winter wear,excellent,4,Chennai,Tamil Nadu,India,,2025-04-24T17:42:00.034956,approved
don_203,donor_37,traditional,excellent,2,Mumbai,Maharashtra,India,ngo_87,2025-07-26T17:42:00.034956,completed
don_204,donor_24,casual,good,19,Kolkata,West Bengal,India,,2025-10-28T17:42:00.034956,pending
don_205,donor_45,children,poor,34,Chennai,Tamil Nadu,India,ngo_18,2025-02-01T17:42:00.034956,completed
don_206,donor_4,winter wear,poor,16,Delhi,Delhi,India,ngo_12,2025-10-15T17:42:00.036354,completed
don_207,donor_27,shoes,fair,28,Bengaluru,Karnataka,India,,2024-11-26T17:42:00.036354,approved
don_208,donor_2,traditional,fair,13,Chennai,Tamil Nadu,India,,2025-02-28T17:42:00.036354,pending
don_209,donor_24,activewear,good,42,Mumbai,Maharashtra,India,,2025-10-27T17:42:00.036354,pending
don_210,donor_38,accessories,good,24,Bengaluru,Karnataka,India,ngo_68,2025-05-17T17:42:00.036354,completed
don_211,donor_18,shoes,poor,16,Chennai,Tamil Nadu,India,ngo_8,2025-01-23T17:42:00.036354,completed
don_212,donor_22,children,poor,4,Bengaluru,Karnataka,India,ngo_48,2025-11-02T17:42:00.036354,completed
don_213,donor_30,casual,fair,44,Chennai,Tamil Nadu,India,ngo_36,2025-10-22T17:42:00.036354,completed
don_214,donor_25,seasonal,excellent,41,Chennai,Tamil Nadu,India,,2025-09-17T17:42:00.036354,approved
don_215,donor_18,formal,fair,5,Chennai,Tamil Nadu,India,ngo_39,2025-01-29T17:42:00.036354,completed
don_216,donor_30,casual,good,21,Chennai,Tamil Nadu,India,ngo_48,2025-01-30T17:42:00.036354,completed
don_217,donor_46,traditional,poor,1,Delhi,Delhi,India,ngo_13,2025-02-11T17:42:00.036354,completed
don_218,donor_26,accessories,excellent,10,Kolkata,West Bengal,India,,2025-03-06T17:42:00.036354,pending
don_219,donor_30,casual,good,35,Bengaluru,Karnataka,India,,2025-02-08T17:42:00.036354,approved
don_220,donor_13,seasonal,fair,23,Kolkata,West Bengal,India,ngo_21,2025-08-07T17:42:00.036354,completed
don_221,donor_30,casual,good,29,Bengaluru,Karnataka,India,ngo_71,2024-12-18T17:42:00.036354,completed
don_222,donor_47,activewear,poor,22,Mumbai,Maharashtra,India,ngo_57,2025-01-06T17:42:00.036354,completed
don_223,donor_20,shoes,fair,20,Chennai,Tamil Nadu,India,ngo_33,2024-12-01T17:42:00.036354,completed
don_224,donor_25,seasonal,poor,12,Chennai,Tamil Nadu,India,,2025-01-12T17:42:00.036354,pending
don_225,donor_48,outerwear,good,34,Delhi,Delhi,India,ngo_14,2025-01-15T17:42:00.036354,completed
don_226,donor_5,seasonal,good,19,Delhi,Delhi,India,,2025-09-03T17:42:00.036354,pending
don_227,donor_25,seasonal,good,25,Chennai,Tamil Nadu,India,ngo_79,2025-01-03T17:42:00.036354,completed
don_228,donor_33,accessories,excellent,17,Chennai,Tamil Nadu,India,ngo_17,2025-06-21T17:42:00.036354,completed
don_229,donor_40,shoes,good,18,Chennai,Tamil Nadu,India,ngo_21,2025-06-25T17:42:00.036354,completed
don_230,donor_15,formal,fair,10,Bengaluru,Karnataka,India,ngo_31,2025-07-12T17:42:00.036354,completed
don_231,donor_35,winter wear,fair,22,Delhi,Delhi,India,ngo_91,2025-01-26T17:42:00.036354,completed
don_232,donor_9,traditional,excellent,5,Kolkata,West Bengal,India,,2025-07-02T17:42:00.036354,pending
don_233,donor_49,seasonal,excellent,33,Kolkata,West Bengal,India,ngo_47,2025-05-07T17:42:00.036354,completed
don_234,donor_17,shoes,fair,33,Bengaluru,Karnataka,India,,2025-06-13T17:42:00.036354,approved
don_235,donor_50,shoes,poor,17,Bengaluru,Karnataka,India,ngo_66,2025-03-29T17:42:00.036354,completed
don_236,donor_35,accessories,fair,22,Mumbai,Maharashtra,India,,2025-07-12T17:42:00.036354,pending
don_237,donor_14,formal,fair,17,Mumbai,Maharashtra,India,,2024-12-17T17:42:00.036354,pending
don_238,donor_40,shoes,good,20,Chennai,Tamil Nadu,India,ngo_68,2025-05-19T17:42:00.036354,completed
don_239,donor_11,children,poor,30,Mumbai,Maharashtra,India,ngo_83,2025-09-28T17:42:00.036354,completed
don_240,donor_18,shoes,poor,1,Chennai,Tamil Nadu,India,ngo_77,2025-04-22T17:42:00.036354,completed
don_241,donor_49,shoes,fair,11,Kolkata,West Bengal,India,ngo_39,2025-01-02T17:42:00.036354,completed
don_242,donor_1,casual,excellent,10,Delhi,Delhi,India,ngo_80,2025-11-18T17:42:00.036354,completed
don_243,donor_27,shoes,poor,20,Bengaluru,Karnataka,India,ngo_9,2025-06-04T17:42:00.036354,completed
don_244,donor_11,children,fair,37,Chennai,Tamil Nadu,India,ngo_4,2025-04-08T17:42:00.036354,completed
don_245,donor_14,formal,poor,29,Chennai,Tamil Nadu,India,ngo_99,2025-04-02T17:42:00.036354,completed
don_246,donor_30,casual,good,18,Mumbai,Maharashtra,India,,2024-12-20T17:42:00.036354,approved
don_247,donor_33,traditional,fair,18,Chennai,Tamil Nadu,India,ngo_96,2025-04-29T17:42:00.036354,completed
don_248,donor_28,formal,poor,15,Bengaluru,Karnataka,India,ngo_39,2025-10-06T17:42:00.036354,completed
don_249,donor_35,winter wear,fair,6,Mumbai,Maharashtra,India,,2025-07-10T17:42:00.036354,approved
don_250,donor_3,formal,good,22,Bengaluru,Karnataka,India,,2025-10-08T17:42:00.036354,pending
don_251,donor_46,traditional,poor,16,Bengaluru,Karnataka,India,,2024-11-30T17:42:00.036354,pending
don_252,donor_2,traditional,good,13,Kolkata,West Bengal,India,,2025-08-22T17:42:00.036354,pending
don_253,donor_34,children,good,1,Kolkata,West Bengal,India,ngo_46,2025-02-20T17:42:00.036354,completed
don_254,donor_15,formal,good,16,Bengaluru,Karnataka,India,,2025-07-10T17:42:00.036354,approved
don_255,donor_40,outerwear,poor,28,Chennai,Tamil Nadu,India,ngo_53,2025-02-02T17:42:00.036354,completed
don_256,donor_32,activewear,poor,16,Mumbai,Maharashtra,India,ngo_81,2024-12-15T17:42:00.036354,completed
don_257,donor_4,winter wear,fair,12,Bengaluru,Karnataka,India,,2025-01-16T17:42:00.036354,pending
don_258,donor_7,winter wear,fair,1,Mumbai,Maharashtra,India,ngo_64,2025-03-18T17:42:00.036354,completed
don_259,donor_47,activewear,excellent,16,Chennai,Tamil Nadu,India,,2025-11-21T17:42:00.036354,pending
don_260,donor_37,winter wear,excellent,19,Chennai,Tamil Nadu,India,,2025-09-21T17:42:00.036354,pending
don_261,donor_32,activewear,poor,10,Kolkata,West Bengal,India,ngo_74,2025-03-06T17:42:00.036354,completed
don_262,donor_5,seasonal,fair,21,Mumbai,Maharashtra,India,ngo_6,2025-07-23T17:42:00.036354,completed
don_263,donor_18,shoes,good,1,Chennai,Tamil Nadu,India,,2025-04-14T17:42:00.036354,pending
don_264,donor_46,traditional,excellent,8,Chennai,Tamil Nadu,India,,2025-10-27T17:42:00.036354,pending
don_265,donor_2,traditional,poor,21,Kolkata,West Bengal,India,ngo_63,2025-03-14T17:42:00.036354,completed
don_266,donor_47,activewear,good,31,Chennai,Tamil Nadu,India,ngo_47,2025-10-23T17:42:00.036354,completed
don_267,donor_4,winter wear,good,22,Bengaluru,Karnataka,India,,2025-07-05T17:42:00.036354,approved
don_268,donor_50,shoes,fair,6,Mumbai,Maharashtra,India,ngo_31,2024-11-22T17:42:00.036354,completed
don_269,donor_11,accessories,fair,33,Mumbai,Maharashtra,India,ngo_91,2025-10-01T17:42:00.036354,completed
don_270,donor_2,traditional,fair,9,Chennai,Tamil Nadu,India,ngo_40,2025-01-05T17:42:00.036354,completed
don_271,donor_35,winter wear,good,11,Bengaluru,Karnataka,India,,2025-09-25T17:42:00.036354,pending
don_272,donor_20,children,poor,29,Chennai,Tamil Nadu,India,ngo_20,2025-06-02T17:42:00.036354,completed
don_273,donor_33,activewear,good,24,Chennai,Tamil Nadu,India,ngo_29,2025-02-04T17:42:00.036354,completed
don_274,donor_47,outerwear,good,31,Bengaluru,Karnataka,India,ngo_26,2025-11-06T17:42:00.036354,completed
don_275,donor_33,activewear,fair,9,Chennai,Tamil Nadu,India,ngo_81,2025-10-19T17:42:00.036354,completed
don_276,donor_6,accessories,fair,23,Chennai,Tamil Nadu,India,,2025-05-07T17:42:00.036354,approved
don_277,donor_5,seasonal,excellent,39,Chennai,Tamil Nadu,India,,2025-06-14T17:42:00.037355,approved
don_278,donor_20,children,fair,13,Kolkata,West Bengal,India,,2025-10-13T17:42:00.037355,pending
don_279,donor_40,shoes,poor,21,Chennai,Tamil Nadu,India,ngo_88,2025-05-27T17:42:00.037355,completed
don_280,donor_31,shoes,excellent,1,Delhi,Delhi,India,ngo_36,2025-02-23T17:42:00.037355,completed
don_281,donor_44,accessories,fair,22,Kolkata,West Bengal,India,,2025-03-11T17:42:00.037355,pending
don_282,donor_43,accessories,poor,16,Kolkata,West Bengal,India,,2025-10-10T17:42:00.037355,pending
don_283,donor_21,children,poor,16,Mumbai,Maharashtra,India,ngo_53,2025-02-28T17:42:00.037355,completed
don_284,donor_11,children,poor,25,Bengaluru,Karnataka,India,ngo_37,2025-01-27T17:42:00.037355,completed
don_285,donor_14,accessories,fair,19,Chennai,Tamil Nadu,India,,2024-12-09T17:42:00.037355,approved
don_286,donor_23,seasonal,good,28,Chennai,Tamil Nadu,India,ngo_1,2025-07-31T17:42:00.037355,completed
don_287,donor_43,children,poor,21,Kolkata,West Bengal,India,,2025-08-30T17:42:00.037355,pending
don_288,donor_50,shoes,fair,13,Chennai,Tamil Nadu,India,ngo_99,2025-11-11T17:42:00.037355,completed
don_289,donor_30,casual,fair,31,Chennai,Tamil Nadu,India,ngo_96,2025-08-05T17:42:00.037355,completed
don_290,donor_14,seasonal,fair,18,Mumbai,Maharashtra,India,,2025-05-14T17:42:00.037355,approved
don_291,donor_48,winter wear,excellent,9,Delhi,Delhi,India,ngo_94,2025-06-01T17:42:00.037355,completed
don_292,donor_31,shoes,good,10,Delhi,Delhi,India,ngo_95,2025-06-09T17:42:00.037355,completed
don_293,donor_34,children,good,3,Kolkata,West Bengal,India,,2025-02-01T17:42:00.037355,approved
don_294,donor_8,winter wear,good,16,Chennai,Tamil Nadu,India,,2025-03-22T17:42:00.037355,pending
don_295,donor_50,shoes,fair,35,Mumbai,Maharashtra,India,,2025-06-25T17:42:00.037355,pending
don_296,donor_37,winter wear,good,9,Chennai,Tamil Nadu,India,,2025-03-22T17:42:00.037355,pending
don_297,donor_23,seasonal,good,1,Chennai,Tamil Nadu,India,ngo_99,2025-10-22T17:42:00.037355,completed
don_298,donor_36,traditional,poor,28,Delhi,Delhi,India,,2025-06-06T17:42:00.037355,approved
don_299,donor_28,formal,fair,29,Bengaluru,Karnataka,India,,2025-01-02T17:42:00.037355,pending
don_300,donor_38,winter wear,excellent,29,Delhi,Delhi,India,ngo_33,2025-05-31T17:42:00.037355,completed
don_301,donor_30,casual,excellent,31,Chennai,Tamil Nadu,India,ngo_97,2025-08-04T17:42:00.037355,completed
don_302,donor_23,outerwear,excellent,19,Chennai,Tamil Nadu,India,,2025-09-20T17:42:00.037355,pending
don_303,donor_2,shoes,poor,22,Mumbai,Maharashtra,India,ngo_55,2025-10-08T17:42:00.037355,completed
don_304,donor_28,formal,poor,11,Bengaluru,Karnataka,India,ngo_92,2025-10-28T17:42:00.037355,completed
don_305,donor_48,traditional,good,21,Delhi,Delhi,India,ngo_73,2025-09-15T17:42:00.037355,completed
don_306,donor_50,shoes,fair,16,Bengaluru,Karnataka,India,ngo_77,2025-09-16T17:42:00.037355,completed
don_307,donor_14,traditional,good,11,Chennai,Tamil Nadu,India,ngo_62,2024-12-22T17:42:00.037355,completed
don_308,donor_31,shoes,fair,1,Delhi,Delhi,India,ngo_37,2025-08-01T17:42:00.037355,completed
don_309,donor_41,casual,good,25,Bengaluru,Karnataka,India,ngo_62,2025-06-07T17:42:00.037355,completed
don_310,donor_48,outerwear,good,16,Chennai,Tamil Nadu,India,ngo_30,2025-02-05T17:42:00.037355,completed
don_311,donor_25,outerwear,good,28,Chennai,Tamil Nadu,India,,2024-12-03T17:42:00.037355,approved
don_312,donor_49,formal,excellent,10,Kolkata,West Bengal,India,,2025-07-03T17:42:00.037355,approved
don_313,donor_30,casual,good,21,Delhi,Delhi,India,ngo_24,2025-09-14T17:42:00.037355,completed
don_314,donor_7,outerwear,fair,12,Mumbai,Maharashtra,India,,2025-08-28T17:42:00.037355,approved
don_315,donor_26,shoes,poor,4,Delhi,Delhi,India,ngo_77,2025-02-28T17:42:00.037355,completed
don_316,donor_48,outerwear,good,13,Chennai,Tamil Nadu,India,ngo_31,2025-02-01T17:42:00.037355,completed
don_317,donor_5,seasonal,excellent,25,Chennai,Tamil Nadu,India,,2025-01-15T17:42:00.037355,approved
don_318,donor_30,accessories,poor,34,Delhi,Delhi,India,,2025-05-29T17:42:00.037355,approved
don_319,donor_46,accessories,poor,11,Chennai,Tamil Nadu,India,ngo_54,2025-03-28T17:42:00.037355,completed
don_320,donor_31,seasonal,good,15,Delhi,Delhi,India,ngo_31,2025-02-27T17:42:00.037355,completed
don_321,donor_32,activewear,poor,18,Delhi,Delhi,India,ngo_36,2025-04-24T17:42:00.037355,completed
don_322,donor_39,children,excellent,20,Delhi,Delhi,India,ngo_71,2025-07-07T17:42:00.037355,completed
don_323,donor_36,traditional,fair,31,Chennai,Tamil Nadu,India,,2025-06-22T17:42:00.037355,pending
don_324,donor_26,accessories,good,8,Kolkata,West Bengal,India,ngo_90,2025-06-06T17:42:00.037355,completed
don_325,donor_19,traditional,poor,23,Mumbai,Maharashtra,India,ngo_81,2025-08-02T17:42:00.037355,completed
don_326,donor_7,winter wear,excellent,5,Mumbai,Maharashtra,India,ngo_28,2025-07-27T17:42:00.037355,completed
don_327,donor_4,winter wear,good,17,Bengaluru,Karnataka,India,ngo_30,2025-03-04T17:42:00.037355,completed
don_328,donor_1,winter wear,fair,27,Kolkata,West Bengal,India,ngo_84,2025-11-08T17:42:00.037355,completed
don_329,donor_26,accessories,good,8,Bengaluru,Karnataka,India,ngo_77,2025-01-22T17:42:00.037355,completed
don_330,donor_23,winter wear,fair,13,Chennai,Tamil Nadu,India,ngo_83,2025-02-22T17:42:00.037355,completed
don_331,donor_26,accessories,excellent,12,Bengaluru,Karnataka,India,ngo_79,2025-08-09T17:42:00.037355,completed
don_332,donor_19,seasonal,excellent,16,Mumbai,Maharashtra,India,,2025-06-01T17:42:00.037355,pending
don_333,donor_17,shoes,good,32,Mumbai,Maharashtra,India,ngo_58,2025-05-04T17:42:00.037355,completed
don_334,donor_14,formal,excellent,14,Mumbai,Maharashtra,India,ngo_88,2025-11-09T17:42:00.037355,completed
don_335,donor_36,casual,fair,12,Chennai,Tamil Nadu,India,ngo_36,2025-10-23T17:42:00.037355,completed
don_336,donor_36,traditional,poor,29,Chennai,Tamil Nadu,India,,2025-02-09T17:42:00.037355,pending
don_337,donor_43,accessories,fair,30,Bengaluru,Karnataka,India,ngo_37,2025-08-11T17:42:00.037355,completed
don_338,donor_18,shoes,excellent,11,Chennai,Tamil Nadu,India,,2024-12-23T17:42:00.037355,pending
don_339,donor_19,seasonal,excellent,16,Mumbai,Maharashtra,India,ngo_6,2025-08-05T17:42:00.037355,completed
don_340,donor_35,winter wear,fair,1,Mumbai,Maharashtra,India,ngo_55,2025-02-22T17:42:00.037355,completed
don_341,donor_19,seasonal,good,3,Mumbai,Maharashtra,India,ngo_10,2025-09-02T17:42:00.037355,completed
don_342,donor_25,seasonal,fair,1,Kolkata,West Bengal,India,,2025-06-09T17:42:00.037355,approved
don_343,donor_31,shoes,good,6,Kolkata,West Bengal,India,,2025-06-19T17:42:00.037355,approved
don_344,donor_22,children,poor,30,Bengaluru,Karnataka,India,ngo_19,2025-01-11T17:42:00.037355,completed
don_345,donor_23,seasonal,poor,38,Chennai,Tamil Nadu,India,ngo_56,2024-12-25T17:42:00.037355,completed
don_346,donor_3,formal,good,1,Delhi,Delhi,India,,2025-09-11T17:42:00.037355,pending
don_347,donor_10,children,poor,8,Delhi,Delhi,India,ngo_58,2025-07-04T17:42:00.037355,completed
don_348,donor_22,children,poor,21,Bengaluru,Karnataka,India,,2025-07-16T17:42:00.037355,approved
don_349,donor_36,traditional,poor,19,Chennai,Tamil Nadu,India,,2025-07-22T17:42:00.037355,approved
don_350,donor_41,children,excellent,18,Bengaluru,Karnataka,India,ngo_85,2025-04-01T17:42:00.037355,completed
don_351,donor_47,activewear,good,19,Chennai,Tamil Nadu,India,ngo_45,2025-06-23T17:42:00.037355,completed
don_352,donor_43,accessories,fair,30,Kolkata,West Bengal,India,ngo_96,2025-04-30T17:42:00.037355,completed
don_353,donor_2,activewear,poor,35,Chennai,Tamil Nadu,India,ngo_56,2025-04-03T17:42:00.037355,completed
don_354,donor_26,accessories,poor,17,Bengaluru,Karnataka,India,,2025-01-01T17:42:00.037355,pending
don_355,donor_44,accessories,fair,8,Bengaluru,Karnataka,India,ngo_52,2025-02-12T17:42:00.037355,completed
don_356,donor_40,shoes,excellent,36,Chennai,Tamil Nadu,India,ngo_88,2025-01-12T17:42:00.037355,completed
don_357,donor_9,traditional,good,29,Mumbai,Maharashtra,India,ngo_81,2025-07-14T17:42:00.037355,completed
don_358,donor_22,children,fair,10,Bengaluru,Karnataka,India,ngo_77,2025-08-12T17:42:00.037355,completed
don_359,donor_43,outerwear,good,27,Kolkata,West Bengal,India,ngo_24,2025-03-04T17:42:00.037355,completed
don_360,donor_49,formal,poor,20,Kolkata,West Bengal,India,,2025-06-19T17:42:00.037355,approved
don_361,donor_6,casual,excellent,9,Kolkata,West Bengal,India,ngo_35,2025-07-02T17:42:00.037355,completed
don_362,donor_32,accessories,excellent,16,Mumbai,Maharashtra,India,ngo_68,2025-07-23T17:42:00.037355,completed
don_363,donor_16,outerwear,excellent,20,Delhi,Delhi,India,,2025-03-30T17:42:00.038610,pending
don_364,donor_20,children,poor,8,Chennai,Tamil Nadu,India,ngo_84,2025-02-17T17:42:00.038610,completed
don_365,donor_32,activewear,excellent,26,Mumbai,Maharashtra,India,,2025-11-05T17:42:00.038610,approved
don_366,donor_14,formal,excellent,11,Mumbai,Maharashtra,India,ngo_40,2025-06-19T17:42:00.038610,completed
don_367,donor_5,seasonal,fair,23,Chennai,Tamil Nadu,India,,2025-08-28T17:42:00.038610,pending
don_368,donor_13,accessories,fair,29,Kolkata,West Bengal,India,ngo_41,2025-09-11T17:42:00.038610,completed
don_369,donor_20,children,excellent,17,Delhi,Delhi,India,,2025-01-09T17:42:00.038610,pending
don_370,donor_2,traditional,fair,4,Chennai,Tamil Nadu,India,ngo_51,2025-09-15T17:42:00.038610,completed
don_371,donor_50,outerwear,good,3,Mumbai,Maharashtra,India,ngo_91,2024-11-30T17:42:00.038610,completed
don_372,donor_26,children,fair,1,Bengaluru,Karnataka,India,,2025-09-25T17:42:00.038610,pending
don_373,donor_17,shoes,fair,30,Kolkata,West Bengal,India,ngo_90,2025-08-06T17:42:00.038610,completed
don_374,donor_35,winter wear,poor,19,Mumbai,Maharashtra,India,ngo_6,2025-08-29T17:42:00.038610,completed
don_375,donor_27,shoes,excellent,29,Bengaluru,Karnataka,India,ngo_64,2024-11-29T17:42:00.038610,completed
don_376,donor_25,seasonal,fair,21,Chennai,Tamil Nadu,India,ngo_69,2025-10-18T17:42:00.038610,completed
don_377,donor_28,formal,fair,1,Bengaluru,Karnataka,India,ngo_83,2025-10-19T17:42:00.038610,completed
don_378,donor_32,activewear,fair,29,Mumbai,Maharashtra,India,ngo_6,2025-06-23T17:42:00.038610,completed
don_379,donor_25,seasonal,fair,15,Mumbai,Maharashtra,India,,2025-02-24T17:42:00.038610,approved
don_380,donor_24,accessories,excellent,17,Mumbai,Maharashtra,India,,2025-08-15T17:42:00.038610,pending
don_381,donor_4,winter wear,fair,1,Bengaluru,Karnataka,India,,2025-01-03T17:42:00.038610,pending
don_382,donor_2,traditional,good,5,Delhi,Delhi,India,ngo_46,2024-12-09T17:42:00.038610,completed
don_383,donor_5,shoes,excellent,34,Chennai,Tamil Nadu,India,ngo_18,2025-03-06T17:42:00.038610,completed
don_384,donor_7,winter wear,good,16,Mumbai,Maharashtra,India,,2025-04-02T17:42:00.038610,approved
don_385,donor_48,outerwear,poor,25,Delhi,Delhi,India,,2025-01-14T17:42:00.038610,pending
don_386,donor_37,children,good,1,Delhi,Delhi,India,,2025-11-13T17:42:00.038610,pending
don_387,donor_23,seasonal,excellent,29,Chennai,Tamil Nadu,India,ngo_82,2025-03-27T17:42:00.038610,completed
don_388,donor_15,formal,excellent,7,Bengaluru,Karnataka,India,ngo_96,2025-03-19T17:42:00.038610,completed
don_389,donor_8,winter wear,good,5,Chennai,Tamil Nadu,India,ngo_88,2025-04-29T17:42:00.038610,completed
don_390,donor_50,shoes,good,14,Bengaluru,Karnataka,India,ngo_53,2025-01-13T17:42:00.038610,completed
don_391,donor_13,winter wear,poor,10,Chennai,Tamil Nadu,India,ngo_75,2025-06-12T17:42:00.038610,completed
don_392,donor_46,traditional,fair,19,Chennai,Tamil Nadu,India,ngo_92,2025-01-29T17:42:00.038610,completed
don_393,donor_34,shoes,poor,7,Delhi,Delhi,India,ngo_86,2025-03-13T17:42:00.038610,completed
don_394,donor_34,shoes,excellent,17,Delhi,Delhi,India,ngo_88,2025-02-18T17:42:00.038610,completed
don_395,donor_49,formal,fair,12,Kolkata,West Bengal,India,ngo_15,2025-02-22T17:42:00.038610,completed
don_396,donor_35,winter wear,poor,8,Mumbai,Maharashtra,India,,2024-12-19T17:42:00.038610,approved
don_397,donor_3,formal,fair,18,Kolkata,West Bengal,India,ngo_66,2025-04-05T17:42:00.038610,completed
don_398,donor_16,outerwear,excellent,38,Mumbai,Maharashtra,India,ngo_12,2025-02-26T17:42:00.038610,completed
don_399,donor_31,traditional,poor,4,Delhi,Delhi,India,ngo_33,2025-06-23T17:42:00.038610,completed
don_400,donor_37,winter wear,good,14,Mumbai,Maharashtra,India,ngo_67,2025-11-03T17:42:00.038610,completed
don_401,donor_43,casual,excellent,27,Kolkata,West Bengal,India,,2025-04-20T17:42:00.038610,pending
don_402,donor_8,winter wear,excellent,15,Chennai,Tamil Nadu,India,,2025-01-16T17:42:00.038610,pending
don_403,donor_47,activewear,fair,36,Kolkata,West Bengal,India,ngo_59,2025-01-12T17:42:00.038610,completed
don_404,donor_47,outerwear,fair,16,Chennai,Tamil Nadu,India,,2024-12-27T17:42:00.038610,pending
don_405,donor_47,activewear,fair,27,Kolkata,West Bengal,India,ngo_93,2025-04-02T17:42:00.038610,completed
don_406,donor_3,formal,fair,11,Delhi,Delhi,India,ngo_27,2025-09-11T17:42:00.038610,completed
don_407,donor_45,casual,fair,17,Chennai,Tamil Nadu,India,,2025-05-15T17:42:00.038610,pending
don_408,donor_42,accessories,good,8,Chennai,Tamil Nadu,India,,2025-05-26T17:42:00.038610,pending
don_409,donor_1,winter wear,good,27,Bengaluru,Karnataka,India,ngo_11,2025-10-23T17:42:00.038610,completed
don_410,donor_25,seasonal,excellent,22,Chennai,Tamil Nadu,India,ngo_89,2025-10-30T17:42:00.038610,completed
don_411,donor_23,shoes,poor,28,Chennai,Tamil Nadu,India,ngo_60,2025-10-25T17:42:00.038610,completed
don_412,donor_34,children,good,14,Delhi,Delhi,India,ngo_23,2025-07-28T17:42:00.038610,completed
don_413,donor_35,outerwear,fair,2,Chennai,Tamil Nadu,India,ngo_27,2025-09-05T17:42:00.038610,completed
don_414,donor_9,traditional,poor,36,Mumbai,Maharashtra,India,ngo_21,2025-01-12T17:42:00.038610,completed
don_415,donor_10,shoes,fair,8,Delhi,Delhi,India,,2025-08-26T17:42:00.038610,approved
don_416,donor_44,accessories,poor,18,Delhi,Delhi,India,ngo_29,2025-10-23T17:42:00.038610,completed
don_417,donor_10,winter wear,fair,18,Bengaluru,Karnataka,India,ngo_13,2025-09-30T17:42:00.038610,completed
don_418,donor_30,casual,good,27,Chennai,Tamil Nadu,India,ngo_37,2025-04-01T17:42:00.038610,completed
don_419,donor_15,formal,good,18,Bengaluru,Karnataka,India,,2025-06-09T17:42:00.038610,approved
don_420,donor_45,winter wear,fair,12,Chennai,Tamil Nadu,India,ngo_80,2025-02-09T17:42:00.038610,completed
don_421,donor_26,activewear,poor,20,Bengaluru,Karnataka,India,,2025-02-23T17:42:00.038610,pending
don_422,donor_12,accessories,fair,14,Delhi,Delhi,India,ngo_38,2025-02-09T17:42:00.038610,completed
don_423,donor_6,traditional,good,15,Kolkata,West Bengal,India,ngo_63,2024-12-03T17:42:00.038610,completed
don_424,donor_4,traditional,fair,14,Bengaluru,Karnataka,India,,2025-01-03T17:42:00.038610,approved
don_425,donor_26,accessories,excellent,23,Bengaluru,Karnataka,India,ngo_83,2025-06-29T17:42:00.038610,completed
don_426,donor_9,traditional,excellent,16,Chennai,Tamil Nadu,India,ngo_60,2025-08-24T17:42:00.038610,completed
don_427,donor_38,activewear,poor,37,Mumbai,Maharashtra,India,ngo_73,2025-10-20T17:42:00.038610,completed
don_428,donor_23,seasonal,good,27,Chennai,Tamil Nadu,India,ngo_61,2024-12-13T17:42:00.038610,completed
don_429,donor_24,accessories,good,14,Mumbai,Maharashtra,India,,2025-08-17T17:42:00.038610,approved
don_430,donor_27,shoes,fair,14,Chennai,Tamil Nadu,India,,2025-11-09T17:42:00.038610,pending
don_431,donor_50,activewear,fair,19,Mumbai,Maharashtra,India,ngo_53,2025-01-10T17:42:00.038610,completed
don_432,donor_22,children,good,1,Mumbai,Maharashtra,India,,2024-12-15T17:42:00.038610,pending
don_433,donor_33,activewear,fair,16,Mumbai,Maharashtra,India,ngo_53,2025-09-08T17:42:00.038610,completed
don_434,donor_8,winter wear,fair,23,Bengaluru,Karnataka,India,ngo_59,2025-01-24T17:42:00.038610,completed
don_435,donor_21,seasonal,fair,3,Mumbai,Maharashtra,India,ngo_69,2025-01-06T17:42:00.038610,completed
don_436,donor_49,shoes,poor,22,Kolkata,West Bengal,India,ngo_75,2025-08-11T17:42:00.038610,completed
don_437,donor_50,casual,fair,11,Mumbai,Maharashtra,India,ngo_46,2025-03-12T17:42:00.038610,completed
don_438,donor_26,accessories,fair,17,Bengaluru,Karnataka,India,,2025-09-19T17:42:00.038610,approved
don_439,donor_3,formal,fair,31,Delhi,Delhi,India,ngo_4,2025-08-08T17:42:00.039721,completed
don_440,donor_42,children,excellent,7,Delhi,Delhi,India,,2025-10-19T17:42:00.039721,approved
don_441,donor_33,activewear,fair,19,Chennai,Tamil Nadu,India,,2025-10-14T17:42:00.039721,approved
don_442,donor_49,children,poor,32,Mumbai,Maharashtra,India,ngo_31,2025-01-06T17:42:00.039721,completed
don_443,donor_18,outerwear,excellent,1,Chennai,Tamil Nadu,India,ngo_61,2025-05-04T17:42:00.039721,completed
don_444,donor_12,outerwear,fair,22,Delhi,Delhi,India,ngo_53,2025-08-12T17:42:00.039721,completed
don_445,donor_6,shoes,poor,17,Mumbai,Maharashtra,India,ngo_8,2025-11-10T17:42:00.039721,completed
don_446,donor_12,shoes,fair,26,Mumbai,Maharashtra,India,ngo_66,2025-10-15T17:42:00.039721,completed
don_447,donor_44,accessories,poor,16,Delhi,Delhi,India,ngo_69,2025-06-12T17:42:00.039721,completed
don_448,donor_45,casual,fair,29,Chennai,Tamil Nadu,India,ngo_1,2025-02-23T17:42:00.039721,completed
don_449,donor_35,winter wear,poor,1,Mumbai,Maharashtra,India,,2025-05-10T17:42:00.039721,approved
don_450,donor_28,formal,excellent,1,Bengaluru,Karnataka,India,,2024-12-14T17:42:00.039721,approved
don_451,donor_26,accessories,fair,1,Bengaluru,Karnataka,India,ngo_99,2025-08-26T17:42:00.039721,completed
don_452,donor_28,traditional,excellent,10,Delhi,Delhi,India,,2024-12-02T17:42:00.039721,approved
don_453,donor_38,winter wear,good,24,Delhi,Delhi,India,ngo_78,2025-07-11T17:42:00.039721,completed
don_454,donor_11,traditional,fair,21,Mumbai,Maharashtra,India,ngo_91,2025-05-14T17:42:00.039721,completed
don_455,donor_34,children,good,11,Mumbai,Maharashtra,India,,2025-06-10T17:42:00.039721,approved
don_456,donor_27,shoes,poor,27,Bengaluru,Karnataka,India,,2025-02-03T17:42:00.039721,approved
don_457,donor_5,seasonal,excellent,32,Mumbai,Maharashtra,India,ngo_14,2025-10-05T17:42:00.039721,completed
don_458,donor_33,activewear,excellent,18,Chennai,Tamil Nadu,India,ngo_21,2025-10-03T17:42:00.039721,completed
don_459,donor_37,accessories,excellent,16,Kolkata,West Bengal,India,,2025-05-31T17:42:00.039721,approved
don_460,donor_45,traditional,excellent,31,Delhi,Delhi,India,,2025-07-23T17:42:00.039721,pending
don_461,donor_47,activewear,good,17,Bengaluru,Karnataka,India,,2025-02-02T17:42:00.039721,approved
don_462,donor_26,accessories,excellent,17,Bengaluru,Karnataka,India,,2025-07-27T17:42:00.039721,approved
don_463,donor_38,winter wear,excellent,23,Delhi,Delhi,India,ngo_93,2025-06-14T17:42:00.039721,completed
don_464,donor_40,shoes,excellent,28,Kolkata,West Bengal,India,,2025-09-23T17:42:00.039721,pending
don_465,donor_31,children,excellent,15,Delhi,Delhi,India,,2025-02-15T17:42:00.039721,pending
don_466,donor_7,winter wear,fair,9,Mumbai,Maharashtra,India,ngo_10,2025-10-01T17:42:00.039721,completed
don_467,donor_45,winter wear,excellent,37,Chennai,Tamil Nadu,India,,2024-12-07T17:42:00.039721,pending
don_468,donor_10,winter wear,fair,12,Delhi,Delhi,India,ngo_39,2025-09-09T17:42:00.039721,completed
don_469,donor_45,seasonal,good,23,Chennai,Tamil Nadu,India,,2024-12-02T17:42:00.039721,approved
don_470,donor_41,casual,excellent,20,Kolkata,West Bengal,India,,2025-04-24T17:42:00.039721,pending
don_471,donor_6,shoes,excellent,15,Kolkata,West Bengal,India,ngo_32,2025-01-17T17:42:00.039721,completed
don_472,donor_24,accessories,poor,30,Mumbai,Maharashtra,India,,2025-03-11T17:42:00.039721,approved
don_473,donor_20,children,excellent,8,Chennai,Tamil Nadu,India,ngo_34,2025-11-22T17:42:00.039721,completed
don_474,donor_47,traditional,excellent,28,Mumbai,Maharashtra,India,ngo_56,2025-09-11T17:42:00.039721,completed
don_475,donor_6,casual,excellent,18,Kolkata,West Bengal,India,ngo_35,2025-08-14T17:42:00.039721,completed
don_476,donor_12,children,excellent,14,Delhi,Delhi,India,ngo_16,2025-10-18T17:42:00.039721,completed
don_477,donor_46,traditional,excellent,1,Bengaluru,Karnataka,India,ngo_3,2025-07-08T17:42:00.039721,completed
don_478,donor_2,traditional,good,17,Kolkata,West Bengal,India,,2024-12-01T17:42:00.039721,pending
don_479,donor_29,outerwear,good,23,Delhi,Delhi,India,ngo_75,2025-03-27T17:42:00.039721,completed
don_480,donor_27,shoes,poor,5,Kolkata,West Bengal,India,ngo_24,2025-09-29T17:42:00.039721,completed
don_481,donor_42,accessories,fair,17,Bengaluru,Karnataka,India,ngo_59,2024-12-17T17:42:00.039721,completed
don_482,donor_11,traditional,excellent,18,Mumbai,Maharashtra,India,,2025-10-17T17:42:00.039721,pending
don_483,donor_24,accessories,poor,20,Chennai,Tamil Nadu,India,ngo_68,2025-04-02T17:42:00.039721,completed
don_484,donor_12,children,excellent,15,Chennai,Tamil Nadu,India,ngo_17,2025-05-06T17:42:00.039721,completed
don_485,donor_5,seasonal,poor,16,Mumbai,Maharashtra,India,ngo_43,2025-07-05T17:42:00.039721,completed
don_486,donor_46,traditional,fair,8,Chennai,Tamil Nadu,India,ngo_53,2024-12-14T17:42:00.039721,completed
don_487,donor_31,shoes,excellent,1,Delhi,Delhi,India,,2025-09-12T17:42:00.039721,approved
don_488,donor_15,formal,excellent,22,Delhi,Delhi,India,ngo_41,2025-09-06T17:42:00.039721,completed
don_489,donor_29,formal,poor,6,Delhi,Delhi,India,,2025-06-25T17:42:00.039721,approved
don_490,donor_9,traditional,poor,24,Mumbai,Maharashtra,India,,2025-04-15T17:42:00.039721,pending
don_491,donor_45,traditional,excellent,30,Chennai,Tamil Nadu,India,ngo_56,2025-03-01T17:42:00.039721,completed
don_492,donor_16,activewear,excellent,39,Chennai,Tamil Nadu,India,ngo_85,2025-01-03T17:42:00.039721,completed
don_493,donor_38,winter wear,poor,22,Delhi,Delhi,India,,2025-05-04T17:42:00.039721,approved
don_494,donor_17,shoes,excellent,19,Bengaluru,Karnataka,India,ngo_83,2025-09-21T17:42:00.039721,completed
don_495,donor_36,seasonal,fair,33,Delhi,Delhi,India,,2025-06-26T17:42:00.039721,approved
don_496,donor_13,winter wear,good,7,Kolkata,West Bengal,India,,2025-10-17T17:42:00.039721,pending
don_497,donor_37,winter wear,excellent,1,Mumbai,Maharashtra,India,,2025-07-22T17:42:00.039721,pending
don_498,donor_19,seasonal,excellent,16,Kolkata,West Bengal,India,,2025-04-11T17:42:00.039721,pending
don_499,donor_33,activewear,poor,21,Kolkata,West Bengal,India,,2025-07-07T17:42:00.039721,approved
don_500,donor_40,shoes,good,51,Chennai,Tamil Nadu,India,,2025-05-06T17:42:00.039721,approved
don_501,donor_1,winter wear,good,27,Bengaluru,Karnataka,India,ngo_48,2025-03-31T17:42:00.040865,completed
don_502,donor_1,winter wear,good,30,Delhi,Delhi,India,,2025-09-12T17:42:00.040865,approved
don_503,donor_1,winter wear,excellent,31,Bengaluru,Karnataka,India,ngo_97,2024-12-27T17:42:00.040865,completed
don_504,donor_1,children,good,29,Bengaluru,Karnataka,India,ngo_92,2025-07-16T17:42:00.040865,completed
don_505,donor_1,winter wear,good,32,Bengaluru,Karnataka,India,ngo_41,2025-10-26T17:42:00.040865,completed
don_506,donor_1,winter wear,excellent,28,Chennai,Tamil Nadu,India,,2025-06-27T17:42:00.040865,approved
don_507,donor_1,seasonal,good,28,Bengaluru,Karnataka,India,,2024-11-28T17:42:00.040865,approved
don_508,donor_1,winter wear,good,25,Bengaluru,Karnataka,India,,2025-01-13T17:42:00.040865,approved
don_509,donor_1,winter wear,good,26,Bengaluru,Karnataka,India,ngo_28,2025-09-24T17:42:00.040865,completed
don_510,donor_1,winter wear,excellent,27,Mumbai,Maharashtra,India,,2025-08-16T17:42:00.040865,approved
don_511,donor_2,traditional,excellent,5,Chennai,Tamil Nadu,India,ngo_3,2025-09-21T17:42:00.040865,completed
don_512,donor_2,accessories,excellent,26,Chennai,Tamil Nadu,India,ngo_22,2025-10-31T17:42:00.040865,completed
don_513,donor_2,traditional,good,12,Chennai,Tamil Nadu,India,ngo_5,2025-08-21T17:42:00.040865,completed
don_514,donor_2,formal,excellent,15,Chennai,Tamil Nadu,India,,2025-09-15T17:42:00.040865,approved
don_515,donor_2,traditional,excellent,13,Kolkata,West Bengal,India,ngo_80,2024-12-17T17:42:00.040865,completed
don_516,donor_2,winter wear,good,15,Kolkata,West Bengal,India,ngo_80,2024-12-12T17:42:00.040865,completed
don_517,donor_2,children,excellent,13,Chennai,Tamil Nadu,India,ngo_7,2025-03-15T17:42:00.040865,completed
don_518,donor_2,traditional,excellent,26,Delhi,Delhi,India,,2025-06-18T17:42:00.040865,approved
don_519,donor_2,traditional,excellent,8,Mumbai,Maharashtra,India,ngo_56,2025-06-26T17:42:00.040865,completed
don_520,donor_2,accessories,good,18,Chennai,Tamil Nadu,India,,2025-05-19T17:42:00.040865,approved
don_521,donor_2,traditional,excellent,26,Chennai,Tamil Nadu,India,ngo_38,2025-08-09T17:42:00.040865,completed
don_522,donor_2,traditional,good,17,Chennai,Tamil Nadu,India,ngo_24,2025-01-04T17:42:00.040865,completed
don_523,donor_3,casual,good,11,Chennai,Tamil Nadu,India,,2025-10-17T17:42:00.040865,approved
don_524,donor_3,children,excellent,21,Kolkata,West Bengal,India,ngo_8,2025-11-09T17:42:00.040865,completed
don_525,donor_3,formal,excellent,10,Delhi,Delhi,India,ngo_72,2025-05-26T17:42:00.040865,completed
don_526,donor_3,formal,good,20,Delhi,Delhi,India,ngo_92,2025-02-18T17:42:00.040865,completed
don_527,donor_3,formal,excellent,16,Delhi,Delhi,India,ngo_9,2025-03-14T17:42:00.040865,completed
don_528,donor_3,formal,excellent,27,Delhi,Delhi,India,,2025-07-12T17:42:00.040865,approved
don_529,donor_3,accessories,good,14,Delhi,Delhi,India,,2025-06-02T17:42:00.040865,approved
don_530,donor_3,formal,excellent,14,Delhi,Delhi,India,ngo_27,2025-03-31T17:42:00.040865,completed
don_531,donor_3,formal,good,11,Delhi,Delhi,India,ngo_21,2024-12-30T17:42:00.040865,completed
don_532,donor_3,formal,excellent,19,Delhi,Delhi,India,ngo_91,2025-11-09T17:42:00.040865,completed
don_533,donor_3,formal,excellent,14,Delhi,Delhi,India,ngo_10,2025-07-17T17:42:00.040865,completed
don_534,donor_3,formal,good,22,Delhi,Delhi,India,ngo_93,2025-08-24T17:42:00.040865,completed
don_535,donor_3,formal,excellent,13,Delhi,Delhi,India,ngo_80,2024-11-22T17:42:00.040865,completed
don_536,donor_3,seasonal,good,22,Delhi,Delhi,India,ngo_89,2024-11-28T17:42:00.040865,completed
don_537,donor_3,formal,excellent,16,Delhi,Delhi,India,ngo_8,2024-12-31T17:42:00.040865,completed
don_538,donor_3,formal,good,8,Delhi,Delhi,India,ngo_9,2025-09-14T17:42:00.040865,completed
don_539,donor_4,winter wear,good,9,Bengaluru,Karnataka,India,,2025-09-26T17:42:00.040865,approved
don_540,donor_4,winter wear,good,9,Bengaluru,Karnataka,India,,2025-11-13T17:42:00.040865,approved
don_541,donor_4,outerwear,good,14,Bengaluru,Karnataka,India,,2025-05-16T17:42:00.040865,approved
don_542,donor_4,winter wear,good,21,Bengaluru,Karnataka,India,ngo_5,2025-03-11T17:42:00.040865,completed
don_543,donor_4,winter wear,excellent,12,Kolkata,West Bengal,India,,2025-02-04T17:42:00.040865,approved
don_544,donor_4,winter wear,good,17,Bengaluru,Karnataka,India,ngo_43,2025-01-05T17:42:00.041872,completed
don_545,donor_4,winter wear,excellent,3,Bengaluru,Karnataka,India,ngo_15,2025-03-10T17:42:00.041872,completed
don_546,donor_4,winter wear,excellent,10,Bengaluru,Karnataka,India,ngo_33,2025-03-31T17:42:00.041872,completed
don_547,donor_4,winter wear,good,8,Bengaluru,Karnataka,India,ngo_69,2025-03-01T17:42:00.041872,completed
don_548,donor_4,winter wear,excellent,17,Bengaluru,Karnataka,India,ngo_93,2025-05-06T17:42:00.041872,completed
don_549,donor_4,winter wear,excellent,12,Delhi,Delhi,India,,2025-04-02T17:42:00.041872,approved
don_550,donor_4,casual,excellent,21,Chennai,Tamil Nadu,India,ngo_52,2025-09-10T17:42:00.041872,completed
don_551,donor_4,winter wear,good,9,Bengaluru,Karnataka,India,ngo_13,2025-01-21T17:42:00.041872,completed
don_552,donor_4,winter wear,good,10,Bengaluru,Karnataka,India,ngo_66,2025-11-13T17:42:00.041872,completed
don_553,donor_4,winter wear,good,15,Bengaluru,Karnataka,India,ngo_98,2025-05-13T17:42:00.041872,completed
don_554,donor_4,activewear,excellent,13,Bengaluru,Karnataka,India,ngo_23,2024-12-18T17:42:00.041872,completed
don_555,donor_4,winter wear,good,15,Bengaluru,Karnataka,India,ngo_41,2025-02-23T17:42:00.041872,completed
don_556,donor_4,winter wear,excellent,12,Delhi,Delhi,India,ngo_28,2025-11-08T17:42:00.041872,completed
don_557,donor_4,winter wear,good,18,Bengaluru,Karnataka,India,ngo_92,2025-04-06T17:42:00.041872,completed
don_558,donor_4,winter wear,good,10,Bengaluru,Karnataka,India,ngo_44,2025-01-05T17:42:00.041872,completed
don_559,donor_4,winter wear,good,12,Bengaluru,Karnataka,India,ngo_40,2025-06-29T17:42:00.041872,completed
don_560,donor_4,winter wear,good,12,Bengaluru,Karnataka,India,,2025-10-19T17:42:00.041872,approved
don_561,donor_4,winter wear,good,16,Bengaluru,Karnataka,India,ngo_80,2025-07-18T17:42:00.041872,completed
don_562,donor_4,outerwear,excellent,19,Chennai,Tamil Nadu,India,ngo_18,2024-11-27T17:42:00.041872,completed
don_563,donor_4,winter wear,excellent,10,Bengaluru,Karnataka,India,,2025-03-31T17:42:00.041872,approved
don_564,donor_5,accessories,excellent,33,Mumbai,Maharashtra,India,ngo_61,2025-03-28T17:42:00.041872,completed
don_565,donor_5,seasonal,excellent,21,Chennai,Tamil Nadu,India,,2025-07-09T17:42:00.041872,approved
don_566,donor_5,seasonal,excellent,24,Kolkata,West Bengal,India,ngo_40,2025-11-02T17:42:00.041872,completed
don_567,donor_5,children,good,25,Bengaluru,Karnataka,India,,2025-05-04T17:42:00.041872,approved
don_568,donor_5,seasonal,good,36,Bengaluru,Karnataka,India,,2025-04-02T17:42:00.041872,approved
don_569,donor_5,seasonal,excellent,23,Chennai,Tamil Nadu,India,ngo_20,2025-09-10T17:42:00.041872,completed
don_570,donor_5,seasonal,good,30,Chennai,Tamil Nadu,India,ngo_60,2025-03-06T17:42:00.041872,completed
don_571,donor_5,seasonal,good,17,Chennai,Tamil Nadu,India,ngo_19,2025-08-01T17:42:00.041872,completed
don_572,donor_5,seasonal,excellent,25,Chennai,Tamil Nadu,India,ngo_42,2025-06-26T17:42:00.041872,completed
don_573,donor_5,seasonal,excellent,33,Chennai,Tamil Nadu,India,ngo_26,2025-06-29T17:42:00.041872,completed
don_574,donor_5,seasonal,good,23,Chennai,Tamil Nadu,India,ngo_7,2025-05-29T17:42:00.041872,completed
don_575,donor_5,casual,excellent,27,Chennai,Tamil Nadu,India,ngo_95,2025-10-25T17:42:00.041872,completed
don_576,donor_5,casual,excellent,26,Kolkata,West Bengal,India,,2025-06-20T17:42:00.041872,approved
don_577,donor_5,seasonal,good,30,Chennai,Tamil Nadu,India,ngo_86,2025-10-30T17:42:00.041872,completed
don_578,donor_5,seasonal,good,33,Chennai,Tamil Nadu,India,ngo_73,2025-07-22T17:42:00.041872,completed
don_579,donor_5,seasonal,excellent,26,Chennai,Tamil Nadu,India,ngo_72,2025-08-12T17:42:00.041872,completed
don_580,donor_5,seasonal,excellent,23,Chennai,Tamil Nadu,India,,2025-05-17T17:42:00.041872,approved
don_581,donor_5,seasonal,good,23,Chennai,Tamil Nadu,India,ngo_34,2025-02-04T17:42:00.041872,completed
don_582,donor_5,seasonal,excellent,23,Delhi,Delhi,India,,2025-03-06T17:42:00.041872,approved
don_583,donor_6,shoes,excellent,7,Kolkata,West Bengal,India,ngo_39,2025-06-20T17:42:00.041872,completed
don_584,donor_6,shoes,excellent,4,Kolkata,West Bengal,India,ngo_88,2025-10-23T17:42:00.041872,completed
don_585,donor_6,shoes,good,8,Kolkata,West Bengal,India,ngo_99,2025-01-30T17:42:00.041872,completed
don_586,donor_6,children,good,11,Kolkata,West Bengal,India,ngo_79,2025-06-14T17:42:00.041872,completed
don_587,donor_6,shoes,excellent,6,Delhi,Delhi,India,ngo_10,2025-09-19T17:42:00.041872,completed
don_588,donor_6,shoes,excellent,16,Chennai,Tamil Nadu,India,ngo_14,2025-03-23T17:42:00.041872,completed
don_589,donor_6,shoes,excellent,5,Kolkata,West Bengal,India,ngo_5,2025-07-15T17:42:00.041872,completed
don_590,donor_6,casual,good,7,Kolkata,West Bengal,India,,2025-06-12T17:42:00.041872,approved
don_591,donor_6,shoes,excellent,4,Kolkata,West Bengal,India,ngo_27,2025-05-23T17:42:00.041872,completed
don_592,donor_6,shoes,good,12,Kolkata,West Bengal,India,ngo_53,2025-03-22T17:42:00.041872,completed
don_593,donor_6,shoes,good,8,Kolkata,West Bengal,India,,2025-08-21T17:42:00.041872,approved
don_594,donor_6,shoes,excellent,6,Kolkata,West Bengal,India,ngo_34,2025-01-03T17:42:00.041872,completed
don_595,donor_6,shoes,excellent,5,Delhi,Delhi,India,ngo_9,2025-03-10T17:42:00.041872,completed
don_596,donor_6,shoes,excellent,7,Kolkata,West Bengal,India,ngo_12,2024-12-21T17:42:00.041872,completed
don_597,donor_6,outerwear,excellent,11,Kolkata,West Bengal,India,ngo_59,2025-04-29T17:42:00.041872,completed
don_598,donor_6,shoes,good,13,Kolkata,West Bengal,India,ngo_39,2025-06-05T17:42:00.041872,completed
don_599,donor_6,traditional,excellent,-1,Kolkata,West Bengal,India,ngo_35,2025-06-12T17:42:00.041872,completed
don_600,donor_6,shoes,excellent,4,Chennai,Tamil Nadu,India,ngo_12,2025-07-24T17:42:00.041872,completed
don_601,donor_6,shoes,excellent,10,Kolkata,West Bengal,India,,2025-10-07T17:42:00.041872,approved
don_602,donor_6,shoes,excellent,15,Mumbai,Maharashtra,India,,2025-02-06T17:42:00.041872,approved
don_603,donor_6,shoes,good,1,Kolkata,West Bengal,India,ngo_5,2025-10-09T17:42:00.041872,completed
don_604,donor_6,shoes,excellent,16,Mumbai,Maharashtra,India,,2024-12-03T17:42:00.041872,approved
don_605,donor_6,winter wear,good,10,Kolkata,West Bengal,India,,2025-09-16T17:42:00.041872,approved
don_606,donor_7,accessories,excellent,22,Mumbai,Maharashtra,India,ngo_67,2025-10-08T17:42:00.041872,completed
don_607,donor_7,winter wear,excellent,8,Mumbai,Maharashtra,India,,2025-03-17T17:42:00.041872,approved
don_608,donor_7,winter wear,good,11,Mumbai,Maharashtra,India,,2025-05-21T17:42:00.041872,approved
don_609,donor_7,winter wear,excellent,8,Mumbai,Maharashtra,India,ngo_64,2024-11-26T17:42:00.041872,completed
don_610,donor_7,winter wear,good,8,Mumbai,Maharashtra,India,,2025-07-29T17:42:00.041872,approved
don_611,donor_7,winter wear,excellent,20,Kolkata,West Bengal,India,,2025-07-01T17:42:00.041872,approved
don_612,donor_7,winter wear,excellent,11,Mumbai,Maharashtra,India,,2024-12-11T17:42:00.041872,approved
don_613,donor_7,winter wear,excellent,-4,Mumbai,Maharashtra,India,ngo_5,2025-03-11T17:42:00.041872,completed
don_614,donor_7,winter wear,excellent,11,Mumbai,Maharashtra,India,ngo_8,2025-03-19T17:42:00.041872,completed
don_615,donor_7,winter wear,excellent,11,Mumbai,Maharashtra,India,ngo_48,2025-02-27T17:42:00.041872,completed
don_616,donor_7,winter wear,good,9,Mumbai,Maharashtra,India,ngo_73,2025-05-29T17:42:00.041872,completed
don_617,donor_7,children,excellent,13,Mumbai,Maharashtra,India,ngo_83,2025-01-31T17:42:00.041872,completed
don_618,donor_7,winter wear,excellent,5,Mumbai,Maharashtra,India,ngo_57,2025-01-14T17:42:00.041872,completed
don_619,donor_7,seasonal,good,8,Mumbai,Maharashtra,India,ngo_75,2025-04-30T17:42:00.041872,completed
don_620,donor_7,winter wear,good,10,Chennai,Tamil Nadu,India,ngo_49,2024-12-30T17:42:00.041872,completed
don_621,donor_8,winter wear,excellent,15,Chennai,Tamil Nadu,India,,2025-09-16T17:42:00.041872,approved
don_622,donor_8,winter wear,excellent,14,Chennai,Tamil Nadu,India,,2025-02-05T17:42:00.041872,approved
don_623,donor_8,winter wear,good,7,Chennai,Tamil Nadu,India,,2025-04-02T17:42:00.041872,approved
don_624,donor_8,winter wear,good,15,Chennai,Tamil Nadu,India,ngo_64,2024-11-29T17:42:00.041872,completed
don_625,donor_8,winter wear,excellent,21,Chennai,Tamil Nadu,India,ngo_90,2025-06-26T17:42:00.041872,completed
don_626,donor_8,winter wear,good,15,Delhi,Delhi,India,ngo_82,2025-05-08T17:42:00.041872,completed
don_627,donor_8,winter wear,excellent,17,Mumbai,Maharashtra,India,,2024-12-13T17:42:00.041872,approved
don_628,donor_8,winter wear,excellent,14,Chennai,Tamil Nadu,India,ngo_9,2025-08-18T17:42:00.041872,completed
don_629,donor_8,winter wear,excellent,14,Chennai,Tamil Nadu,India,ngo_68,2025-07-14T17:42:00.041872,completed
don_630,donor_8,winter wear,excellent,19,Chennai,Tamil Nadu,India,,2025-10-26T17:42:00.041872,approved
don_631,donor_8,winter wear,good,7,Chennai,Tamil Nadu,India,ngo_12,2025-07-10T17:42:00.041872,completed
don_632,donor_8,winter wear,good,12,Chennai,Tamil Nadu,India,ngo_92,2025-07-08T17:42:00.041872,completed
don_633,donor_9,traditional,excellent,38,Chennai,Tamil Nadu,India,ngo_24,2024-11-24T17:42:00.041872,completed
don_634,donor_9,accessories,good,33,Mumbai,Maharashtra,India,ngo_84,2025-05-14T17:42:00.041872,completed
don_635,donor_9,traditional,excellent,18,Mumbai,Maharashtra,India,ngo_64,2025-06-28T17:42:00.041872,completed
don_636,donor_9,traditional,good,20,Kolkata,West Bengal,India,ngo_3,2025-04-28T17:42:00.041872,completed
don_637,donor_9,traditional,excellent,30,Mumbai,Maharashtra,India,ngo_35,2025-11-01T17:42:00.043062,completed
don_638,donor_9,traditional,good,23,Mumbai,Maharashtra,India,ngo_1,2025-01-05T17:42:00.043062,completed
don_639,donor_9,traditional,good,22,Chennai,Tamil Nadu,India,ngo_63,2025-02-16T17:42:00.043062,completed
don_640,donor_9,accessories,excellent,25,Mumbai,Maharashtra,India,ngo_65,2025-08-25T17:42:00.043062,completed
don_641,donor_9,traditional,excellent,19,Mumbai,Maharashtra,India,ngo_16,2025-04-12T17:42:00.043062,completed
don_642,donor_9,traditional,good,26,Mumbai,Maharashtra,India,,2025-10-20T17:42:00.043062,approved
don_643,donor_9,traditional,excellent,18,Mumbai,Maharashtra,India,ngo_83,2025-07-14T17:42:00.043062,completed
don_644,donor_9,children,excellent,23,Mumbai,Maharashtra,India,ngo_5,2025-07-10T17:42:00.043062,completed
don_645,donor_9,traditional,excellent,28,Mumbai,Maharashtra,India,,2025-09-16T17:42:00.043062,approved
don_646,donor_9,traditional,good,19,Mumbai,Maharashtra,India,,2025-06-12T17:42:00.043062,approved
don_647,donor_9,traditional,excellent,29,Delhi,Delhi,India,ngo_97,2025-08-11T17:42:00.043062,completed
don_648,donor_9,traditional,good,24,Mumbai,Maharashtra,India,ngo_83,2025-02-19T17:42:00.043062,completed
don_649,donor_9,traditional,good,33,Mumbai,Maharashtra,India,ngo_30,2025-06-21T17:42:00.043062,completed
don_650,donor_9,traditional,excellent,28,Chennai,Tamil Nadu,India,,2025-07-26T17:42:00.043062,approved
don_651,donor_9,accessories,good,19,Mumbai,Maharashtra,India,ngo_57,2025-04-14T17:42:00.043062,completed
don_652,donor_9,shoes,good,29,Mumbai,Maharashtra,India,ngo_35,2025-04-29T17:42:00.043062,completed
don_653,donor_9,traditional,good,29,Mumbai,Maharashtra,India,ngo_65,2025-06-07T17:42:00.043062,completed
don_654,donor_9,traditional,excellent,28,Mumbai,Maharashtra,India,ngo_93,2025-05-01T17:42:00.043062,completed
don_655,donor_10,children,excellent,14,Delhi,Delhi,India,,2024-12-29T17:42:00.043062,approved
don_656,donor_10,casual,excellent,14,Delhi,Delhi,India,ngo_91,2025-05-04T17:42:00.043062,completed
don_657,donor_10,children,excellent,4,Delhi,Delhi,India,ngo_68,2024-12-09T17:42:00.043062,completed
don_658,donor_10,children,excellent,10,Delhi,Delhi,India,ngo_62,2025-07-07T17:42:00.043062,completed
don_659,donor_10,children,good,5,Delhi,Delhi,India,,2025-07-11T17:42:00.043062,approved
don_660,donor_10,children,excellent,6,Kolkata,West Bengal,India,,2025-08-26T17:42:00.043062,approved
don_661,donor_10,children,good,18,Delhi,Delhi,India,ngo_34,2024-12-06T17:42:00.043062,completed
don_662,donor_10,seasonal,good,8,Delhi,Delhi,India,ngo_5,2025-09-27T17:42:00.043062,completed
don_663,donor_10,children,excellent,7,Bengaluru,Karnataka,India,ngo_92,2025-09-04T17:42:00.043062,completed
don_664,donor_10,formal,excellent,11,Delhi,Delhi,India,,2025-04-18T17:42:00.043062,approved
don_665,donor_10,children,excellent,0,Delhi,Delhi,India,,2025-02-02T17:42:00.043062,approved
don_666,donor_10,children,good,22,Delhi,Delhi,India,ngo_31,2025-11-06T17:42:00.043062,completed
don_667,donor_10,children,good,12,Delhi,Delhi,India,,2025-07-28T17:42:00.043062,approved
don_668,donor_10,children,excellent,25,Delhi,Delhi,India,ngo_69,2025-10-13T17:42:00.043062,completed
don_669,donor_10,casual,good,4,Delhi,Delhi,India,,2025-01-24T17:42:00.043062,approved
don_670,donor_10,children,good,11,Delhi,Delhi,India,ngo_96,2025-10-14T17:42:00.043062,completed
don_671,donor_10,children,good,15,Chennai,Tamil Nadu,India,,2024-12-05T17:42:00.043062,approved
don_672,donor_10,winter wear,good,7,Chennai,Tamil Nadu,India,ngo_15,2025-07-06T17:42:00.043062,completed
don_673,donor_10,children,good,8,Delhi,Delhi,India,,2024-12-21T17:42:00.043062,approved
don_674,donor_10,children,excellent,18,Delhi,Delhi,India,,2025-07-14T17:42:00.043062,approved
don_675,donor_10,children,good,1,Delhi,Delhi,India,,2025-03-26T17:42:00.043062,approved
don_676,donor_10,children,good,12,Chennai,Tamil Nadu,India,ngo_91,2024-12-20T17:42:00.043062,completed
don_677,donor_10,activewear,excellent,12,Delhi,Delhi,India,ngo_7,2025-10-12T17:42:00.043062,completed
